{
 "SRCC": 0.13861622652057168,
 "MSE": 2.3746,
 "LCC": 0.13531252249753392,
 "accuracy": 0.9339622641509434
}