{
 "SRCC": 0.23938411317566075,
 "MSE": 1.9116,
 "LCC": 0.24034570672976568,
 "accuracy": 0.981042654028436
}