{
 "SRCC": 0.1635706355269727,
 "MSE": 1.7495,
 "LCC": 0.189060042482969,
 "accuracy": 0.9834123222748815
}