{
 "SRCC": 0.21059440761069054,
 "MSE": 1.817,
 "LCC": 0.22235731529506275,
 "accuracy": 0.9845971563981043
}