{
 "SRCC": 0.1447500081272636,
 "MSE": 2.7211,
 "LCC": 0.15831147251789898,
 "accuracy": 0.9339622641509434
}