{
 "SRCC": 0.08199430926249078,
 "MSE": 8.8497,
 "LCC": 0.07983561917812475,
 "accuracy": 0.8879716981132075
}