{
 "SRCC": 0.2541683193108314,
 "MSE": 1.6988,
 "LCC": 0.2722923235139113,
 "accuracy": 0.9798578199052133
}