{
 "SRCC": 0.2027460173178037,
 "MSE": 1.7304,
 "LCC": 0.20559185049877698,
 "accuracy": 0.9822274881516587
}