{
 "SRCC": 0.13594154997975857,
 "MSE": 2.685,
 "LCC": 0.12724078964633434,
 "accuracy": 0.9316037735849056
}