{
 "SRCC": 0.1308960345487023,
 "MSE": 3.0196,
 "LCC": 0.16607181919246117,
 "accuracy": 0.9304245283018868
}