{
 "SRCC": 0.11137688596791931,
 "MSE": 2.6061,
 "LCC": 0.11413819599505053,
 "accuracy": 0.9339622641509434
}