{
 "SRCC": 0.15316542551085457,
 "MSE": 2.2557,
 "LCC": 0.15118055311168938,
 "accuracy": 0.9386792452830188
}