{
 "SRCC": 0.18580345955761465,
 "MSE": 1.5007,
 "LCC": 0.19154541631871463,
 "accuracy": 0.9834123222748815
}