{
 "SRCC": 0.1563556224488165,
 "MSE": 2.9003,
 "LCC": 0.16585931034390972,
 "accuracy": 0.9304245283018868
}