{
 "SRCC": 0.24142991746251868,
 "MSE": 1.5755,
 "LCC": 0.24589378049963567,
 "accuracy": 0.9834123222748815
}