{
 "SRCC": 0.20277569461573564,
 "MSE": 1.9545,
 "LCC": 0.222010802401517,
 "accuracy": 0.9845971563981043
}