{
 "SRCC": 0.2125757880451556,
 "MSE": 1.5586,
 "LCC": 0.20295676224488182,
 "accuracy": 0.9834123222748815
}