{
 "SRCC": 0.15253250256038323,
 "MSE": 2.6701,
 "LCC": 0.16239874691804274,
 "accuracy": 0.9221698113207547
}