{
 "SRCC": 0.45453306953414097,
 "MSE": 0.449,
 "LCC": 0.45918217688530466,
 "accuracy": 0.7427400586866336
}