{
 "SRCC": 0.31988847545771487,
 "MSE": 2.653,
 "LCC": 0.3222794130475247,
 "accuracy": 0.9029880880274581
}