{
 "SRCC": 0.39237310099393774,
 "MSE": 2.4719,
 "LCC": 0.3948454900917484,
 "accuracy": 0.9026852412679184
}