{
 "SRCC": 0.3455742275524621,
 "MSE": 0.5076,
 "LCC": 0.3553610596626608,
 "accuracy": 0.7166346251138318
}