{
 "SRCC": 0.3482778220107342,
 "MSE": 2.5783,
 "LCC": 0.34824544258541884,
 "accuracy": 0.9025842923480719
}