{
 "SRCC": 0.30052653094911846,
 "MSE": 2.659,
 "LCC": 0.30353788989393476,
 "accuracy": 0.9027357157278417
}