{
 "SRCC": 0.3381071103342414,
 "MSE": 2.5894,
 "LCC": 0.3421619533765113,
 "accuracy": 0.9031899858671513
}