{
 "SRCC": 0.23791999374283515,
 "MSE": 2.8368,
 "LCC": 0.2355065936234945,
 "accuracy": 0.9025842923480719
}