{
 "SRCC": 0.5016774922582491,
 "MSE": 0.4244,
 "LCC": 0.5047421850549496,
 "accuracy": 0.744763735707781
}