{
 "SRCC": 0.552705721945529,
 "MSE": 0.3937,
 "LCC": 0.5573357072942839,
 "accuracy": 0.7569563897601943
}