{
 "SRCC": 0.5280065345400714,
 "MSE": 0.4063,
 "LCC": 0.5343196245485106,
 "accuracy": 0.7472933319842153
}