{
 "SRCC": 0.3692257043846795,
 "MSE": 2.5842,
 "LCC": 0.37513523698691836,
 "accuracy": 0.9026852412679184
}