{
 "SRCC": 0.3657785659400238,
 "MSE": 2.5667,
 "LCC": 0.3663528337836228,
 "accuracy": 0.9026347668079951
}