{
 "SRCC": 0.5701409460017497,
 "MSE": 0.3918,
 "LCC": 0.5702692082140737,
 "accuracy": 0.764393402812911
}