{
 "SRCC": 0.5061957349069304,
 "MSE": 0.4196,
 "LCC": 0.5099230362396504,
 "accuracy": 0.7488616816756045
}