{
 "SRCC": 0.48364566776347695,
 "MSE": 0.435,
 "LCC": 0.488974693733354,
 "accuracy": 0.7460285338459982
}