{
 "SRCC": 0.1360350308637431,
 "MSE": 6.5784,
 "LCC": 0.1399915049359066,
 "accuracy": 0.6248053618576941
}