{
 "SRCC": 0.10730870293154597,
 "MSE": 6.4892,
 "LCC": 0.10849941020343336,
 "accuracy": 0.625617764538623
}