{
 "SRCC": 0.15437806584996966,
 "MSE": 6.5021,
 "LCC": 0.15548545591206084,
 "accuracy": 0.6443707264233972
}