{
 "SRCC": 0.12874062337132272,
 "MSE": 6.5434,
 "LCC": 0.12755348849721418,
 "accuracy": 0.6373976034120913
}