{
 "SRCC": 0.1725352929843012,
 "MSE": 6.1793,
 "LCC": 0.17397285768447562,
 "accuracy": 0.6458601313384335
}