{
 "SRCC": 0.14376797438302452,
 "MSE": 6.6176,
 "LCC": 0.14185271000979632,
 "accuracy": 0.6102498138243856
}