{
 "SRCC": 0.11509221939696072,
 "MSE": 6.626,
 "LCC": 0.11490528070274117,
 "accuracy": 0.6187800419741385
}