{
 "SRCC": 0.12816786391489973,
 "MSE": 6.4619,
 "LCC": 0.12836026477827797,
 "accuracy": 0.6308983819646605
}