{
 "SRCC": 0.18182865083567554,
 "MSE": 0.0205,
 "LCC": 0.18709591781259352,
 "accuracy": 1.0
}